{
    "name": "root",
    "gauges": {
        "MoveAgent2D.Policy.Entropy.mean": {
            "value": 0.2985939681529999,
            "min": 0.29127171635627747,
            "max": 0.3045247197151184,
            "count": 7
        },
        "MoveAgent2D.Policy.Entropy.sum": {
            "value": 5955.158203125,
            "min": 3110.719970703125,
            "max": 6002.4443359375,
            "count": 7
        },
        "MoveAgent2D.Step.mean": {
            "value": 879996.0,
            "min": 759967.0,
            "max": 879996.0,
            "count": 7
        },
        "MoveAgent2D.Step.sum": {
            "value": 879996.0,
            "min": 759967.0,
            "max": 879996.0,
            "count": 7
        },
        "MoveAgent2D.Policy.ExtrinsicValueEstimate.mean": {
            "value": 0.5780290365219116,
            "min": 0.5361031889915466,
            "max": 0.5963886976242065,
            "count": 7
        },
        "MoveAgent2D.Policy.ExtrinsicValueEstimate.sum": {
            "value": 208.0904541015625,
            "min": 93.81806182861328,
            "max": 216.6272430419922,
            "count": 7
        },
        "MoveAgent2D.Environment.EpisodeLength.mean": {
            "value": 202.7311827956989,
            "min": 202.7311827956989,
            "max": 253.32051282051282,
            "count": 7
        },
        "MoveAgent2D.Environment.EpisodeLength.sum": {
            "value": 18854.0,
            "min": 9344.0,
            "max": 20247.0,
            "count": 7
        },
        "MoveAgent2D.Environment.CumulativeReward.mean": {
            "value": 1.845860370945546,
            "min": 1.8455708222058804,
            "max": 1.8610977383285034,
            "count": 7
        },
        "MoveAgent2D.Environment.CumulativeReward.sum": {
            "value": 171.66501449793577,
            "min": 76.30500727146864,
            "max": 175.58251594007015,
            "count": 7
        },
        "MoveAgent2D.Policy.ExtrinsicReward.mean": {
            "value": 1.845860370945546,
            "min": 1.8455708222058804,
            "max": 1.8610977383285034,
            "count": 7
        },
        "MoveAgent2D.Policy.ExtrinsicReward.sum": {
            "value": 171.66501449793577,
            "min": 76.30500727146864,
            "max": 175.58251594007015,
            "count": 7
        },
        "MoveAgent2D.Losses.PolicyLoss.mean": {
            "value": 0.047368703974643725,
            "min": 0.04402685208414267,
            "max": 0.04791141652288691,
            "count": 7
        },
        "MoveAgent2D.Losses.PolicyLoss.sum": {
            "value": 0.4736870397464372,
            "min": 0.18281758351561922,
            "max": 0.4791141652288691,
            "count": 7
        },
        "MoveAgent2D.Losses.ValueLoss.mean": {
            "value": 0.009595448296749964,
            "min": 0.00849565369490948,
            "max": 0.01047145474391679,
            "count": 7
        },
        "MoveAgent2D.Losses.ValueLoss.sum": {
            "value": 0.09595448296749964,
            "min": 0.04188581897566716,
            "max": 0.0996443294376756,
            "count": 7
        },
        "MoveAgent2D.Policy.LearningRate.mean": {
            "value": 3.911840696055999e-05,
            "min": 3.911840696055999e-05,
            "max": 7.3420350526575e-05,
            "count": 7
        },
        "MoveAgent2D.Policy.LearningRate.sum": {
            "value": 0.0003911840696055999,
            "min": 0.0002936814021063,
            "max": 0.0006906247697919999,
            "count": 7
        },
        "MoveAgent2D.Policy.Epsilon.mean": {
            "value": 0.11303944000000002,
            "min": 0.11303944000000002,
            "max": 0.12447342500000001,
            "count": 7
        },
        "MoveAgent2D.Policy.Epsilon.sum": {
            "value": 1.1303944000000001,
            "min": 0.49789370000000005,
            "max": 1.2302080000000002,
            "count": 7
        },
        "MoveAgent2D.Policy.Beta.mean": {
            "value": 0.0013126400559999997,
            "min": 0.0013126400559999997,
            "max": 0.0024548951575000004,
            "count": 7
        },
        "MoveAgent2D.Policy.Beta.sum": {
            "value": 0.013126400559999998,
            "min": 0.009819580630000001,
            "max": 0.0230977792,
            "count": 7
        },
        "MoveAgent2D.IsTraining.mean": {
            "value": 1.0,
            "min": 1.0,
            "max": 1.0,
            "count": 7
        },
        "MoveAgent2D.IsTraining.sum": {
            "value": 1.0,
            "min": 1.0,
            "max": 1.0,
            "count": 7
        }
    },
    "metadata": {
        "timer_format_version": "0.1.0",
        "start_time_seconds": "1717047424",
        "python_version": "3.10.0 (tags/v3.10.0:b494f59, Oct  4 2021, 19:00:18) [MSC v.1929 64 bit (AMD64)]",
        "command_line_arguments": "E:\\Unity Project\\MLAgents_EatFruits\\venv\\Scripts\\mlagents-learn results/configuration.yaml --run-id=Player3 --resume",
        "mlagents_version": "0.30.0",
        "mlagents_envs_version": "0.30.0",
        "communication_protocol_version": "1.5.0",
        "pytorch_version": "2.3.0+cpu",
        "numpy_version": "1.21.2",
        "end_time_seconds": "1717047649"
    },
    "total": 225.5294397,
    "count": 1,
    "self": 0.006659199999944576,
    "children": {
        "run_training.setup": {
            "total": 0.07689030000005914,
            "count": 1,
            "self": 0.07689030000005914
        },
        "TrainerController.start_learning": {
            "total": 225.4458902,
            "count": 1,
            "self": 0.283169999992424,
            "children": {
                "TrainerController._reset_env": {
                    "total": 7.151827300000036,
                    "count": 1,
                    "self": 7.151827300000036
                },
                "TrainerController.advance": {
                    "total": 217.92099250000751,
                    "count": 15289,
                    "self": 0.26098770000260174,
                    "children": {
                        "env_step": {
                            "total": 167.0926828000006,
                            "count": 15289,
                            "self": 147.61931840000784,
                            "children": {
                                "SubprocessEnvManager._take_step": {
                                    "total": 19.2787117999942,
                                    "count": 15289,
                                    "self": 0.7204970999948728,
                                    "children": {
                                        "TorchPolicy.evaluate": {
                                            "total": 18.558214699999326,
                                            "count": 14811,
                                            "self": 18.558214699999326
                                        }
                                    }
                                },
                                "workers": {
                                    "total": 0.19465259999856244,
                                    "count": 15288,
                                    "self": 0.0,
                                    "children": {
                                        "worker_root": {
                                            "total": 154.388902700004,
                                            "count": 15288,
                                            "is_parallel": true,
                                            "self": 86.99326030000327,
                                            "children": {
                                                "steps_from_proto": {
                                                    "total": 0.00038879999999608117,
                                                    "count": 1,